{"cameraMode":{"drawMode":0,"name":"Shaded","section":"Shading Mode"},"sceneLighting":false,"audioPlay":false,"sceneViewState":{"showFog":true,"showMaterialUpdate":false,"showSkybox":true,"showFlares":true,"showImageEffects":true,"showParticleSystems":true},"in2DMode":false,"pivot":{"x":57.101600646972659,"y":-3.4599568843841554,"z":-46.84675598144531},"rotation":{"x":-0.26675915718078616,"y":0.2388545572757721,"z":-0.06842542439699173,"w":-0.9311853051185608},"size":28.001699447631837,"orthographic":false}