{"cameraMode":{"drawMode":0,"name":"Shaded","section":"Shading Mode"},"sceneLighting":false,"audioPlay":false,"sceneViewState":{"showFog":true,"showMaterialUpdate":false,"showSkybox":true,"showFlares":true,"showImageEffects":true,"showParticleSystems":true},"in2DMode":false,"pivot":{"x":2.3299999237060549,"y":3.0999999046325685,"z":6.929999828338623},"rotation":{"x":0.2467966228723526,"y":-0.6164179444313049,"z":0.21217243373394013,"w":0.717009961605072},"size":79.57430267333985,"orthographic":false}