{"cameraMode":{"drawMode":0,"name":"Shaded","section":"Shading Mode"},"sceneLighting":false,"audioPlay":false,"sceneViewState":{"showFog":true,"showMaterialUpdate":false,"showSkybox":true,"showFlares":true,"showImageEffects":true,"showParticleSystems":true},"in2DMode":false,"pivot":{"x":-262.8688659667969,"y":23.34819221496582,"z":62.005157470703128},"rotation":{"x":0.0026993793435394766,"y":-0.43631377816200259,"z":0.0013089453568682075,"w":0.8997896313667297},"size":2.8578836917877199,"orthographic":false}