{"cameraMode":{"drawMode":0,"name":"Shaded","section":"Shading Mode"},"sceneLighting":false,"audioPlay":false,"sceneViewState":{"showFog":true,"showMaterialUpdate":false,"showSkybox":true,"showFlares":true,"showImageEffects":true,"showParticleSystems":true},"in2DMode":false,"pivot":{"x":-95.45153045654297,"y":-18.482803344726564,"z":4.91217041015625},"rotation":{"x":0.010683070868253708,"y":0.9797693490982056,"z":0.054433032870292667,"w":-0.19228875637054444},"size":567.6542358398438,"orthographic":false}