{"cameraMode":{"drawMode":0,"name":"Shaded","section":"Shading Mode"},"sceneLighting":false,"audioPlay":false,"sceneViewState":{"showFog":true,"showMaterialUpdate":false,"showSkybox":true,"showFlares":true,"showImageEffects":true,"showParticleSystems":true},"in2DMode":false,"pivot":{"x":-16.983036041259767,"y":4.4022722244262699,"z":-0.7853155732154846},"rotation":{"x":0.19060026109218598,"y":0.15970681607723237,"z":-0.031443819403648379,"w":0.9680788516998291},"size":5.569583415985107,"orthographic":false}