{"cameraMode":{"drawMode":0,"name":"Shaded","section":"Shading Mode"},"sceneLighting":false,"audioPlay":false,"sceneViewState":{"showFog":true,"showMaterialUpdate":false,"showSkybox":true,"showFlares":true,"showImageEffects":true,"showParticleSystems":true},"in2DMode":false,"pivot":{"x":-6.565685749053955,"y":7.335240840911865,"z":19.94066619873047},"rotation":{"x":0.09533603489398956,"y":0.4131264090538025,"z":-0.0435384102165699,"w":0.9046226143836975},"size":12.33159065246582,"orthographic":false}