{"cameraMode":{"drawMode":0,"name":"Shaded","section":"Shading Mode"},"sceneLighting":false,"audioPlay":false,"sceneViewState":{"showFog":true,"showMaterialUpdate":false,"showSkybox":true,"showFlares":true,"showImageEffects":true,"showParticleSystems":true},"in2DMode":false,"pivot":{"x":24.131324768066408,"y":0.5545932054519653,"z":-25.884769439697267},"rotation":{"x":-0.02309563010931015,"y":-0.6795384883880615,"z":-0.021411387249827386,"w":0.7329635620117188},"size":14.956761360168457,"orthographic":false}