{"cameraMode":{"drawMode":0,"name":"Shaded","section":"Shading Mode"},"sceneLighting":false,"audioPlay":false,"sceneViewState":{"showFog":true,"showMaterialUpdate":false,"showSkybox":true,"showFlares":true,"showImageEffects":true,"showParticleSystems":true},"in2DMode":false,"pivot":{"x":3.309999942779541,"y":3.0470356941223146,"z":4.440000057220459},"rotation":{"x":-0.20317493379116059,"y":-0.09091202169656754,"z":0.01894993521273136,"w":-0.9747286438941956},"size":3.278779983520508,"orthographic":false}