{"cameraMode":{"drawMode":0,"name":"Shaded","section":"Shading Mode"},"sceneLighting":true,"audioPlay":false,"sceneViewState":{"showFog":true,"showMaterialUpdate":false,"showSkybox":true,"showFlares":true,"showImageEffects":true,"showParticleSystems":true},"in2DMode":false,"pivot":{"x":4.438822269439697,"y":12.561607360839844,"z":0.6785608530044556},"rotation":{"x":-0.0825883224606514,"y":0.6260037422180176,"z":-0.06692264974117279,"w":-0.7725411653518677},"size":4.1262593269348148,"orthographic":false}