{"cameraMode":{"drawMode":0,"name":"Shaded","section":"Shading Mode"},"sceneLighting":false,"audioPlay":false,"sceneViewState":{"showFog":true,"showMaterialUpdate":false,"showSkybox":true,"showFlares":true,"showImageEffects":true,"showParticleSystems":true},"in2DMode":false,"pivot":{"x":21.66362190246582,"y":10.268836975097657,"z":12.02511215209961},"rotation":{"x":-0.008651172742247582,"y":0.9876706004142761,"z":-0.1447293907403946,"w":-0.05903632193803787},"size":8.66550350189209,"orthographic":false}