{"cameraMode":{"drawMode":0,"name":"Shaded","section":"Shading Mode"},"sceneLighting":false,"audioPlay":false,"sceneViewState":{"showFog":true,"showMaterialUpdate":false,"showSkybox":true,"showFlares":true,"showImageEffects":true,"showParticleSystems":true},"in2DMode":false,"pivot":{"x":64.6136245727539,"y":2.9940743446350099,"z":-53.919883728027347},"rotation":{"x":-0.18116845190525056,"y":0.0927838385105133,"z":-0.017171567305922509,"w":-0.9789149165153503},"size":12.369672775268555,"orthographic":false}