{"cameraMode":{"drawMode":0,"name":"Shaded","section":"Shading Mode"},"sceneLighting":false,"audioPlay":false,"sceneViewState":{"showFog":true,"showMaterialUpdate":false,"showSkybox":true,"showFlares":true,"showImageEffects":true,"showParticleSystems":true},"in2DMode":false,"pivot":{"x":-18.68000030517578,"y":9.880719184875489,"z":-12.649999618530274},"rotation":{"x":-0.18116845190525056,"y":0.0927838385105133,"z":-0.017171567305922509,"w":-0.9789149165153503},"size":6.735685348510742,"orthographic":false}