{"cameraMode":{"drawMode":0,"name":"Shaded","section":"Shading Mode"},"sceneLighting":false,"audioPlay":false,"sceneViewState":{"showFog":true,"showMaterialUpdate":false,"showSkybox":true,"showFlares":true,"showImageEffects":true,"showParticleSystems":true},"in2DMode":false,"pivot":{"x":1.668802261352539,"y":3.475170135498047,"z":-7.582913398742676},"rotation":{"x":-0.08899053931236267,"y":-0.8632806539535523,"z":0.16378895938396455,"w":-0.469042032957077},"size":4.288229942321777,"orthographic":false}