{"cameraMode":{"drawMode":0,"name":"Shaded","section":"Shading Mode"},"sceneLighting":false,"audioPlay":false,"sceneViewState":{"showFog":true,"showMaterialUpdate":false,"showSkybox":true,"showFlares":true,"showImageEffects":true,"showParticleSystems":true},"in2DMode":false,"pivot":{"x":0.0,"y":0.9249999523162842,"z":-0.006737768650054932},"rotation":{"x":0.20003847777843476,"y":0.6663374304771423,"z":-0.19261720776557923,"w":0.6920098662376404},"size":3.7656259536743166,"orthographic":false}