{"cameraMode":{"drawMode":0,"name":"Shaded","section":"Shading Mode"},"sceneLighting":false,"audioPlay":false,"sceneViewState":{"showFog":true,"showMaterialUpdate":false,"showSkybox":true,"showFlares":true,"showImageEffects":true,"showParticleSystems":true},"in2DMode":false,"pivot":{"x":56.650390625,"y":12.021991729736329,"z":-45.366798400878909},"rotation":{"x":-0.26675915718078616,"y":0.2388545572757721,"z":-0.06842542439699173,"w":-0.9311853051185608},"size":13.910789489746094,"orthographic":false}