{"cameraMode":{"drawMode":0,"name":"Shaded","section":"Shading Mode"},"sceneLighting":false,"audioPlay":false,"sceneViewState":{"showFog":true,"showMaterialUpdate":false,"showSkybox":true,"showFlares":true,"showImageEffects":true,"showParticleSystems":true},"in2DMode":false,"pivot":{"x":242.62985229492188,"y":1.1487414836883546,"z":308.5561828613281},"rotation":{"x":0.11191347986459732,"y":0.5059323906898499,"z":-0.06640154123306275,"w":0.8527007699012756},"size":0.20488876104354859,"orthographic":false}