{"cameraMode":{"drawMode":0,"name":"Shaded","section":"Shading Mode"},"sceneLighting":false,"audioPlay":false,"sceneViewState":{"showFog":true,"showMaterialUpdate":false,"showSkybox":true,"showFlares":true,"showImageEffects":true,"showParticleSystems":true},"in2DMode":false,"pivot":{"x":4.734188079833984,"y":-0.05893373489379883,"z":1.5014734268188477},"rotation":{"x":0.09533603489398956,"y":0.4131264090538025,"z":-0.0435384102165699,"w":0.9046226143836975},"size":12.475834846496582,"orthographic":false}