{"cameraMode":{"drawMode":0,"name":"Shaded","section":"Shading Mode"},"sceneLighting":false,"audioPlay":false,"sceneViewState":{"showFog":true,"showMaterialUpdate":false,"showSkybox":true,"showFlares":true,"showImageEffects":true,"showParticleSystems":true},"in2DMode":false,"pivot":{"x":28.709583282470704,"y":9.020000457763672,"z":-5.047100067138672},"rotation":{"x":-0.20317493379116059,"y":-0.09091202169656754,"z":0.01894993521273136,"w":-0.9747286438941956},"size":9.49188232421875,"orthographic":false}