{"cameraMode":{"drawMode":0,"name":"Shaded","section":"Shading Mode"},"sceneLighting":false,"audioPlay":false,"sceneViewState":{"showFog":true,"showMaterialUpdate":false,"showSkybox":true,"showFlares":true,"showImageEffects":true,"showParticleSystems":true},"in2DMode":false,"pivot":{"x":8.059499740600586,"y":1.0049999952316285,"z":-0.0534999817609787},"rotation":{"x":0.10791497677564621,"y":0.587429404258728,"z":-0.07942834496498108,"w":0.7981053590774536},"size":2.2046735286712648,"orthographic":false}