{"cameraMode":{"drawMode":0,"name":"Shaded","section":"Shading Mode"},"sceneLighting":false,"audioPlay":false,"sceneViewState":{"showFog":true,"showMaterialUpdate":false,"showSkybox":true,"showFlares":true,"showImageEffects":true,"showParticleSystems":true},"in2DMode":false,"pivot":{"x":0.07999998331069946,"y":4.458198547363281,"z":4.419999599456787},"rotation":{"x":0.008949631825089455,"y":-0.10510695725679398,"z":-0.0009460385772399604,"w":-0.9944202303886414},"size":2.8578836917877199,"orthographic":false}